Column1,id_sampl,Survey,strata_id,psu,nr_hhs,locality_code,gov_code,gov_name,gov_area,enum_area,oslo_area,Oslo_Area2,Strata,locality.name,West.Bank.or.Gaza.Strip,psu_id,pop_numbers,SumDist,proba,survey_buffer,Column2
6,id_1108,8,Area_AB,4.97252789311535e-314,103,100645,10,Tulkarem,Tulkarem_B,85,2,_B,Area_AB,?????????,West Bank,4.97252789311535e-314,103,465190,0.000221415,8,7.766990291
8,id_1137,8,Area_AB,4.9725289795657e-314,61,100645,10,Tulkarem,Tulkarem_A,107,1,_A,Area_AB,?????????,West Bank,4.9725289795657e-314,61,465190,0.000131129,8,13.1147541
16,id_1316,8,Area_AB,7.45149871385115e-314,150,150820,15,Nablus,Nablus_B,13,2,_B,Area_AB,??????? ??????????,West Bank,7.45149871385115e-314,150,465190,0.000322449,8,5.333333333
17,id_1317,8,Area_AB,7.45149876325772e-314,135,150820,15,Nablus,Nablus_B,14,2,_B,Area_AB,??????? ??????????,West Bank,7.45149876325772e-314,135,465190,0.000290204,8,5.925925926
20,id_1419,8,Area_AB,7.45644134607808e-314,128,150920,15,Nablus,Nablus_A,53,1,_A,Area_AB,???????,West Bank,7.45644134607808e-314,128,465190,0.000275156,8,6.25
21,id_1424,8,Area_AB,7.4564415931109e-314,137,150920,15,Nablus,Nablus_A,58,1,_A,Area_AB,???????,West Bank,7.4564415931109e-314,137,465190,0.000294503,8,5.839416058
26,id_1534,8,Area_AB,7.4564464843608e-314,106,150920,15,Nablus,Nablus_A,157,1,_A,Area_AB,???????,West Bank,7.4564464843608e-314,106,465190,0.000227864,8,7.547169811
29,id_1561,8,Area_AB,7.45644781833804e-314,132,150920,15,Nablus,Nablus_A,184,1,_A,Area_AB,???????,West Bank,7.45644781833804e-314,132,465190,0.000283755,8,6.060606061
30,id_1591,8,Area_AB,7.45644920172185e-314,151,150920,15,Nablus,Nablus_A,212,1,_A,Area_AB,???????,West Bank,7.45644920172185e-314,151,465190,0.000324599,8,5.298013245
46,id_1972,8,Area_AB,7.47941287936897e-314,99,151385,15,Nablus,Nablus_B,2,2,_B,Area_AB,???????? ???? ?????,West Bank,7.47941287936897e-314,99,465190,0.000212816,8,8.080808081
47,id_2019,8,Area_AB,9.92800226956475e-314,67,200945,20,Qalqilya,Qalqilya_B,3,2,_B,Area_AB,?????,West Bank,9.92800226956475e-314,67,465190,0.000144027,8,11.94029851
52,id_2092,8,Area_AB,9.93269752312281e-314,126,201040,20,Qalqilya,Qalqilya_A,36,1,_A,Area_AB,????????????,West Bank,9.93269752312281e-314,126,465190,0.000270857,8,6.349206349
59,id_2174,8,Area_AB,9.93491918860653e-314,130,201085,20,Qalqilya,Qalqilya_B,3,2,_B,Area_AB,???????????,West Bank,9.93491918860653e-314,130,465190,0.000279456,8,6.153846154
106,id_314,8,Area_AB,5.0320645366215e-315,128,10185,1,Jenin,Jenin_A,12,1,_A,Area_AB,???????? ?????,West Bank,5.0320645366215e-315,128,465190,0.000275156,8,6.25
135,id_3587,8,Area_AB,1.98589688332033e-313,103,401950,40,Jerusalem(j2),Jerusalem(j2)_B,4,2,_B,Area_AB,???? ??????,West Bank,1.98589688332033e-313,103,465190,0.000221415,8,7.766990291
146,id_3765,8,Area_AB,1.98634166097734e-313,105,402040,40,Jerusalem(j2),Jerusalem(j2)_B,28,2,_B,Area_AB,???????,West Bank,1.98634166097734e-313,105,465190,0.000225714,8,7.619047619
149,id_379,8,Area_AB,5.07158831103252e-315,90,10265,1,Jenin,Jenin_B,9,2,_B,Area_AB,????????,West Bank,5.07158831103252e-315,90,465190,0.000193469,8,8.888888889
159,id_3946,8,Area_AB,2.23406610658355e-313,127,452180,45,Bethlehem,Bethlehem_A,14,1,_A,Area_AB,??????????????,West Bank,2.23406610658355e-313,127,465190,0.000273007,8,6.299212598
172,id_4288,8,Area_AB,2.2349306622253e-313,37,452355,45,Bethlehem,Bethlehem_B,2,2,_B,Area_AB,?????????,West Bank,2.2349306622253e-313,37,465190,7.95E-05,8,21.62162162
186,id_4747,8,Area_AB,2.48357413915136e-313,68,502681,50,Hebron,Hebron_B,2,2,_B,Area_AB,???? ????,West Bank,2.48357413915136e-313,68,465190,0.000146177,8,11.76470588
216,id_5153,8,Area_AB,2.48406452889939e-313,113,502780,50,Hebron,Hebron_A,258,1,_A,Area_AB,???????,West Bank,2.48406452889939e-313,113,465190,0.000242911,8,7.079646018
227,id_5567,8,Area_AB,2.48574324538821e-313,98,503120,50,Hebron,Hebron_A,34,1,_A,Area_AB,??????,West Bank,2.48574324538821e-313,98,465190,0.000210667,8,8.163265306
231,id_5724,8,Area_AB,2.48636079780157e-313,132,503245,50,Hebron,Hebron_A,28,1,_A,Area_AB,?????????????,West Bank,2.48636079780157e-313,132,465190,0.000283755,8,6.060606061
232,id_5734,8,Area_AB,2.48636082744551e-313,137,503245,50,Hebron,Hebron_A,34,1,_A,Area_AB,?????????????,West Bank,2.48636082744551e-313,137,465190,0.000294503,8,5.839416058
256,id_97,8,Area_AB,4.97030386550377e-315,110,10060,1,Jenin,Jenin_B,7,2,_B,Area_AB,?????????,West Bank,4.97030386550377e-315,110,465190,0.000236463,8,7.272727273
156,id_3913,16,Bethlehem_C,2.23401663588924e-313,142,452170,45,Bethlehem,Bethlehem_C,1,3,_C,Bethlehem_C,?????????,West Bank,2.23401663588924e-313,142,6157,0.02306318,16,11.26760563
157,id_3919,8,Bethlehem_C,2.23404133917153e-313,127,452175,45,Bethlehem,Bethlehem_C,1,3,_C,Bethlehem_C,???????,West Bank,2.23404133917153e-313,127,6157,0.020626929,8,6.299212598
158,id_3925,8,Bethlehem_C,2.2340413539935e-313,63,452175,45,Bethlehem,Bethlehem_C,4,3,_C,Bethlehem_C,???????,West Bank,2.2340413539935e-313,63,6157,0.010232256,8,12.6984127
160,id_3955,8,Bethlehem_C,2.23409075067677e-313,75,452185,45,Bethlehem,Bethlehem_C,2,3,_C,Bethlehem_C,????????? ??????,West Bank,2.23409075067677e-313,75,6157,0.012181257,8,10.66666667
161,id_3957,16,Bethlehem_C,2.23409075561743e-313,87,452185,45,Bethlehem,Bethlehem_C,3,3,_C,Bethlehem_C,????????? ??????,West Bank,2.23409075561743e-313,87,6157,0.014130258,16,18.3908046
162,id_4005,8,Bethlehem_C,2.23421437578268e-313,64,452210,45,Bethlehem,Bethlehem_C,24,3,_C,Bethlehem_C,???? ?????,West Bank,2.23421437578268e-313,64,6157,0.010394673,8,12.5
163,id_4007,8,Bethlehem_C,2.23421438072333e-313,28,452210,45,Bethlehem,Bethlehem_C,25,3,_C,Bethlehem_C,???? ?????,West Bank,2.23421438072333e-313,28,6157,0.004547669,8,28.57142857
164,id_4011,24,Bethlehem_C,2.23421439060465e-313,65,452210,45,Bethlehem,Bethlehem_C,27,3,_C,Bethlehem_C,???? ?????,West Bank,2.23421439060465e-313,65,6157,0.010557089,24,36.92307692
165,id_4013,8,Bethlehem_C,2.23421440048596e-313,100,452210,45,Bethlehem,Bethlehem_C,29,3,_C,Bethlehem_C,???? ?????,West Bank,2.23421440048596e-313,100,6157,0.016241676,8,8
166,id_4031,8,Bethlehem_C,2.2343130802174e-313,9,452230,45,Bethlehem,Bethlehem_C,2,3,_C,Bethlehem_C,???????,West Bank,2.2343130802174e-313,9,6157,0.001461751,8,88.88888889
167,id_4092,8,Bethlehem_C,2.23436266958627e-313,87,452240,45,Bethlehem,Bethlehem_C,39,3,_C,Bethlehem_C,???? ?????,West Bank,2.23436266958627e-313,87,6157,0.014130258,8,9.195402299
169,id_4140,8,Bethlehem_C,2.23443671026396e-313,57,452255,45,Bethlehem,Bethlehem_C,25,3,_C,Bethlehem_C,???? ?????,West Bank,2.23443671026396e-313,57,6157,0.009257755,8,14.03508772
170,id_4142,8,Bethlehem_C,2.23443671520462e-313,23,452255,45,Bethlehem,Bethlehem_C,26,3,_C,Bethlehem_C,???? ?????,West Bank,2.23443671520462e-313,23,6157,0.003735586,8,34.7826087
171,id_4177,8,Bethlehem_C,2.23451071635705e-313,132,452270,45,Bethlehem,Bethlehem_C,4,3,_C,Bethlehem_C,???????,West Bank,2.23451071635705e-313,132,6157,0.021439013,8,6.060606061
173,id_4299,8,Bethlehem_C,2.23495538037896e-313,8,452360,45,Bethlehem,Bethlehem_C,5,3,_C,Bethlehem_C,?????????,West Bank,2.23495538037896e-313,8,6157,0.001299334,8,100
174,id_4307,8,Bethlehem_C,2.23495540508225e-313,72,452360,45,Bethlehem,Bethlehem_C,10,3,_C,Bethlehem_C,?????????,West Bank,2.23495540508225e-313,72,6157,0.011694007,8,11.11111111
175,id_4309,8,Bethlehem_C,2.2349554100229e-313,113,452360,45,Bethlehem,Bethlehem_C,11,3,_C,Bethlehem_C,?????????,West Bank,2.2349554100229e-313,113,6157,0.018353094,8,7.079646018
176,id_4322,16,Bethlehem_C,2.23507890173108e-313,112,452385,45,Bethlehem,Bethlehem_C,6,3,_C,Bethlehem_C,????? (???? ????),West Bank,2.23507890173108e-313,112,6157,0.018190677,16,14.28571429
178,id_4367,8,Bethlehem_C,2.23549883776742e-313,46,452470,45,Bethlehem,Bethlehem_C,2,3,_C,Bethlehem_C,????? ????????,West Bank,2.23549883776742e-313,46,6157,0.007471171,8,17.39130435
179,id_4389,8,Bethlehem_C,2.23562239370413e-313,50,452495,45,Bethlehem,Bethlehem_C,10,3,_C,Bethlehem_C,??????,West Bank,2.23562239370413e-313,50,6157,0.008120838,8,16
180,id_4393,8,Bethlehem_C,2.23562240358545e-313,44,452495,45,Bethlehem,Bethlehem_C,12,3,_C,Bethlehem_C,??????,West Bank,2.23562240358545e-313,44,6157,0.007146338,8,18.18181818
258,id_1,5,Camps,2.23453540471856e-313,132,452275,45,Bethlehem,Bethlehem_A,1,1,_A,Camps,????????? ???????????,West Bank,452275001,132,20859,0.006328204,5,3.787878788
259,id_100,5,Camps,2.4828281049668e-313,118,502530,50,Hebron,Hebron_B,3,2,_B,Camps,????????? ?????????*,West Bank,502530003,118,20859,0.005657031,5,4.237288136
260,id_102,10,Camps,2.48282810990746e-313,143,502530,50,Hebron,Hebron_B,4,2,_B,Camps,????????? ?????????*,West Bank,502530004,143,20859,0.006855554,10,6.993006993
261,id_103,5,Camps,2.48282811484811e-313,137,502530,50,Hebron,Hebron_B,5,2,_B,Camps,????????? ?????????*,West Bank,502530005,137,20859,0.006567908,5,3.649635036
262,id_104,10,Camps,2.48282811978877e-313,101,502530,50,Hebron,Hebron_B,6,2,_B,Camps,????????? ?????????*,West Bank,502530006,101,20859,0.004842035,10,9.900990099
263,id_106,5,Camps,2.48282812472942e-313,177,502530,50,Hebron,Hebron_B,7,2,_B,Camps,????????? ?????????*,West Bank,502530007,177,20859,0.008485546,5,2.824858757
264,id_107,5,Camps,2.48282812967008e-313,49,502530,50,Hebron,Hebron_B,8,2,_B,Camps,????????? ?????????*,West Bank,502530008,49,20859,0.002349106,5,10.20408163
265,id_108,5,Camps,2.48282812971949e-313,84,502530,50,Hebron,Hebron_C,8,3,_C,Camps,????????? ?????????*,West Bank,502530008,84,20859,0.004027039,5,5.952380952
266,id_11,5,Camps,2.23453545412513e-313,121,452275,45,Bethlehem,Bethlehem_A,11,1,_A,Camps,????????? ???????????,West Bank,452275011,121,20859,0.005800853,5,4.132231405
267,id_111,5,Camps,2.48282813955139e-313,152,502530,50,Hebron,Hebron_B,10,2,_B,Camps,????????? ?????????*,West Bank,502530010,152,20859,0.007287022,5,3.289473684
268,id_113,15,Camps,2.48282814449205e-313,157,502530,50,Hebron,Hebron_B,11,2,_B,Camps,????????? ?????????*,West Bank,502530011,157,20859,0.007526727,15,9.554140127
269,id_116,5,Camps,2.23414015220189e-313,110,452195,45,Bethlehem,Bethlehem_A,1,1,_A,Camps,????????? ????????,West Bank,452195001,110,20859,0.005273503,5,4.545454545
270,id_118,5,Camps,2.2341401620832e-313,114,452195,45,Bethlehem,Bethlehem_A,3,1,_A,Camps,????????? ????????,West Bank,452195003,114,20859,0.005465267,5,4.385964912
271,id_119,5,Camps,2.48468084125739e-313,160,502905,50,Hebron,Hebron_B,1,2,_B,Camps,????????? ?????????,West Bank,502905001,160,20859,0.00767055,5,3.125
272,id_122,5,Camps,2.48468085607936e-313,135,502905,50,Hebron,Hebron_B,4,2,_B,Camps,????????? ?????????,West Bank,502905004,135,20859,0.006472026,5,3.703703704
273,id_124,15,Camps,2.48468086596067e-313,137,502905,50,Hebron,Hebron_B,6,2,_B,Camps,????????? ?????????,West Bank,502905006,137,20859,0.006567908,15,10.94890511
274,id_125,5,Camps,2.48468087090133e-313,164,502905,50,Hebron,Hebron_B,7,2,_B,Camps,????????? ?????????,West Bank,502905007,164,20859,0.007862314,5,3.048780488
275,id_128,5,Camps,2.48468088078264e-313,122,502905,50,Hebron,Hebron_B,9,2,_B,Camps,????????? ?????????,West Bank,502905009,122,20859,0.005848794,5,4.098360656
276,id_130,10,Camps,2.4846808857233e-313,149,502905,50,Hebron,Hebron_B,10,2,_B,Camps,????????? ?????????,West Bank,502905010,149,20859,0.0071432,10,6.711409396
277,id_136,5,Camps,1.49059607830514e-313,127,301700,30,Ramallah,Ramallah_B,5,2,_B,Camps,????????? ??????????,West Bank,301700005,127,20859,0.006088499,5,3.937007874
278,id_14,5,Camps,2.23453546894709e-313,105,452275,45,Bethlehem,Bethlehem_A,14,1,_A,Camps,????????? ???????????,West Bank,452275014,105,20859,0.005033798,5,4.761904762
279,id_141,10,Camps,1.49059610300842e-313,121,301700,30,Ramallah,Ramallah_B,10,2,_B,Camps,????????? ??????????,West Bank,301700010,121,20859,0.005800853,10,8.26446281
280,id_144,5,Camps,1.49059611288973e-313,46,301700,30,Ramallah,Ramallah_B,12,2,_B,Camps,????????? ??????????,West Bank,301700012,46,20859,0.002205283,5,10.86956522
281,id_148,5,Camps,1.73898756193979e-313,146,351975,35,Jericho,Jericho_A,1,1,_A,Camps,????????? ???????? ?????,West Bank,351975001,146,20859,0.006999377,5,3.424657534
282,id_149,5,Camps,1.73898756688045e-313,123,351975,35,Jericho,Jericho_A,2,1,_A,Camps,????????? ???????? ?????,West Bank,351975002,123,20859,0.005896735,5,4.06504065
283,id_15,5,Camps,2.23453547388775e-313,117,452275,45,Bethlehem,Bethlehem_A,15,1,_A,Camps,????????? ???????????,West Bank,452275015,117,20859,0.00560909,5,4.273504274
284,id_151,5,Camps,1.73898757676176e-313,121,351975,35,Jericho,Jericho_A,4,1,_A,Camps,????????? ???????? ?????,West Bank,351975004,121,20859,0.005800853,5,4.132231405
285,id_152,5,Camps,1.73898758170242e-313,111,351975,35,Jericho,Jericho_A,5,1,_A,Camps,????????? ???????? ?????,West Bank,351975005,111,20859,0.005321444,5,4.504504505
286,id_153,15,Camps,1.73898758664307e-313,124,351975,35,Jericho,Jericho_A,6,1,_A,Camps,????????? ???????? ?????,West Bank,351975006,124,20859,0.005944676,15,12.09677419
287,id_155,10,Camps,1.73898759158373e-313,118,351975,35,Jericho,Jericho_A,7,1,_A,Camps,????????? ???????? ?????,West Bank,351975007,118,20859,0.005657031,10,8.474576271
288,id_156,5,Camps,1.73898759652439e-313,97,351975,35,Jericho,Jericho_A,8,1,_A,Camps,????????? ???????? ?????,West Bank,351975008,97,20859,0.004650271,5,5.154639175
289,id_160,10,Camps,1.73898761134636e-313,136,351975,35,Jericho,Jericho_A,11,1,_A,Camps,????????? ???????? ?????,West Bank,351975011,136,20859,0.006519967,10,7.352941176
290,id_162,5,Camps,1.73898762122767e-313,82,351975,35,Jericho,Jericho_A,13,1,_A,Camps,????????? ???????? ?????,West Bank,351975013,82,20859,0.003931157,5,6.097560976
291,id_167,15,Camps,7.45698234845434e-314,120,150931,15,Nablus,Nablus_B,3,2,_B,Camps,????????? ??????? )??????(,West Bank,150931003,120,20859,0.005752912,15,12.5
292,id_168,5,Camps,7.45698239786091e-314,117,150931,15,Nablus,Nablus_B,4,2,_B,Camps,????????? ??????? )??????(,West Bank,150931004,117,20859,0.00560909,5,4.273504274
293,id_169,5,Camps,7.45698244726747e-314,144,150931,15,Nablus,Nablus_B,5,2,_B,Camps,????????? ??????? )??????(,West Bank,150931005,144,20859,0.006903495,5,3.472222222
294,id_171,5,Camps,7.4569825460806e-314,124,150931,15,Nablus,Nablus_B,7,2,_B,Camps,????????? ??????? )??????(,West Bank,150931007,124,20859,0.005944676,5,4.032258065
295,id_174,5,Camps,7.45693289198913e-314,158,150930,15,Nablus,Nablus_A,2,1,_A,Camps,????????? ???????) ??????(,West Bank,150930002,158,20859,0.007574668,5,3.164556962
296,id_182,10,Camps,7.45693328724165e-314,114,150930,15,Nablus,Nablus_A,10,1,_A,Camps,????????? ???????) ??????(,West Bank,150930010,114,20859,0.005465267,10,8.771929825
297,id_183,10,Camps,7.45693333664821e-314,135,150930,15,Nablus,Nablus_A,11,1,_A,Camps,????????? ???????) ??????(,West Bank,150930011,135,20859,0.006472026,10,7.407407407
298,id_24,5,Camps,2.23409076539993e-313,118,452185,45,Bethlehem,Bethlehem_A,5,1,_A,Camps,????????? ??????,West Bank,452185005,118,20859,0.005657031,5,4.237288136
299,id_25,5,Camps,7.45841503952009e-314,116,150960,15,Nablus,Nablus_A,1,1,_A,Camps,???????? ???????,West Bank,150960001,116,20859,0.005561149,5,4.310344828
300,id_26,5,Camps,7.45841508892665e-314,128,150960,15,Nablus,Nablus_A,2,1,_A,Camps,???????? ???????,West Bank,150960002,128,20859,0.00613644,5,3.90625
301,id_27,5,Camps,7.45841513833322e-314,132,150960,15,Nablus,Nablus_A,3,1,_A,Camps,???????? ???????,West Bank,150960003,132,20859,0.006328204,5,3.787878788
302,id_32,5,Camps,7.45841538536604e-314,128,150960,15,Nablus,Nablus_A,8,1,_A,Camps,???????? ???????,West Bank,150960008,128,20859,0.00613644,5,3.90625
303,id_33,5,Camps,7.4584154347726e-314,144,150960,15,Nablus,Nablus_A,9,1,_A,Camps,???????? ???????,West Bank,150960009,144,20859,0.006903495,5,3.472222222
304,id_34,15,Camps,7.45841548417917e-314,126,150960,15,Nablus,Nablus_A,10,1,_A,Camps,???????? ???????,West Bank,150960010,126,20859,0.006040558,15,11.9047619
305,id_37,10,Camps,7.45841563239886e-314,134,150960,15,Nablus,Nablus_A,13,1,_A,Camps,???????? ???????,West Bank,150960013,134,20859,0.006424086,10,7.462686567
306,id_38,5,Camps,7.45841568180543e-314,109,150960,15,Nablus,Nablus_A,14,1,_A,Camps,???????? ???????,West Bank,150960014,109,20859,0.005225562,5,4.587155963
307,id_40,5,Camps,7.45841578061856e-314,135,150960,15,Nablus,Nablus_A,16,1,_A,Camps,???????? ???????,West Bank,150960016,135,20859,0.006472026,5,3.703703704
308,id_41,5,Camps,7.45841583002512e-314,161,150960,15,Nablus,Nablus_A,17,1,_A,Camps,???????? ???????,West Bank,150960017,161,20859,0.007718491,5,3.105590062
309,id_43,5,Camps,7.45841592883825e-314,115,150960,15,Nablus,Nablus_A,19,1,_A,Camps,???????? ???????,West Bank,150960019,115,20859,0.005513208,5,4.347826087
310,id_45,5,Camps,7.45841602765138e-314,148,150960,15,Nablus,Nablus_A,21,1,_A,Camps,???????? ???????,West Bank,150960021,148,20859,0.007095259,5,3.378378378
311,id_46,5,Camps,7.45841607705794e-314,153,150960,15,Nablus,Nablus_A,22,1,_A,Camps,???????? ???????,West Bank,150960022,153,20859,0.007334963,5,3.267973856
312,id_47,10,Camps,7.45841612646451e-314,139,150960,15,Nablus,Nablus_A,23,1,_A,Camps,???????? ???????,West Bank,150960023,139,20859,0.00666379,10,7.194244604
313,id_5,5,Camps,2.23453542448119e-313,101,452275,45,Bethlehem,Bethlehem_A,5,1,_A,Camps,????????? ???????????,West Bank,452275005,101,20859,0.004842035,5,4.95049505
314,id_50,5,Camps,1.73844409961068e-313,126,351865,35,Jericho,Jericho_A,3,1,_A,Camps,????????? ????? ?????????,West Bank,351865003,126,20859,0.006040558,5,3.968253968
315,id_54,5,Camps,1.7384441193733e-313,121,351865,35,Jericho,Jericho_A,7,1,_A,Camps,????????? ????? ?????????,West Bank,351865007,121,20859,0.005800853,5,4.132231405
316,id_55,5,Camps,7.45446251435336e-314,151,150880,15,Nablus,Nablus_A,1,1,_A,Camps,????????? ????? ???? ?????,West Bank,150880001,151,20859,0.007239081,5,3.311258278
317,id_56,5,Camps,7.45446256375992e-314,127,150880,15,Nablus,Nablus_A,2,1,_A,Camps,????????? ????? ???? ?????,West Bank,150880002,127,20859,0.006088499,5,3.937007874
318,id_57,5,Camps,7.45446261316649e-314,144,150880,15,Nablus,Nablus_A,3,1,_A,Camps,????????? ????? ???? ?????,West Bank,150880003,144,20859,0.006903495,5,3.472222222
319,id_58,5,Camps,7.45446266257305e-314,114,150880,15,Nablus,Nablus_A,4,1,_A,Camps,????????? ????? ???? ?????,West Bank,150880004,114,20859,0.005465267,5,4.385964912
320,id_59,5,Camps,7.45446271197962e-314,114,150880,15,Nablus,Nablus_A,5,1,_A,Camps,????????? ????? ???? ?????,West Bank,150880005,114,20859,0.005465267,5,4.385964912
321,id_6,5,Camps,2.23453542942184e-313,95,452275,45,Bethlehem,Bethlehem_A,6,1,_A,Camps,????????? ???????????,West Bank,452275006,95,20859,0.004554389,5,5.263157895
322,id_60,5,Camps,7.45446276138618e-314,133,150880,15,Nablus,Nablus_A,6,1,_A,Camps,????????? ????? ???? ?????,West Bank,150880006,133,20859,0.006376145,5,3.759398496
323,id_61,5,Camps,2.50491287431575e-314,138,50700,5,Tubas,Tubas_A,1,1,_A,Camps,????????? ??????????,West Bank,50700001,138,20859,0.006615849,5,3.623188406
324,id_62,5,Camps,2.50491292372231e-314,153,50700,5,Tubas,Tubas_A,2,1,_A,Camps,????????? ??????????,West Bank,50700002,153,20859,0.007334963,5,3.267973856
325,id_64,5,Camps,2.50491302253544e-314,139,50700,5,Tubas,Tubas_A,4,1,_A,Camps,????????? ??????????,West Bank,50700004,139,20859,0.00666379,5,3.597122302
326,id_65,5,Camps,2.50491307194201e-314,142,50700,5,Tubas,Tubas_A,5,1,_A,Camps,????????? ??????????,West Bank,50700005,142,20859,0.006807613,5,3.521126761
327,id_67,5,Camps,2.50491317075514e-314,140,50700,5,Tubas,Tubas_A,7,1,_A,Camps,????????? ??????????,West Bank,50700007,140,20859,0.006711731,5,3.571428571
328,id_68,5,Camps,2.5049132201617e-314,145,50700,5,Tubas,Tubas_A,8,1,_A,Camps,????????? ??????????,West Bank,50700008,145,20859,0.006951436,5,3.448275862
329,id_69,5,Camps,4.97128857835525e-314,110,100620,10,Tulkarem,Tulkarem_A,1,1,_A,Camps,???????? ????? ?????,West Bank,100620001,110,20859,0.005273503,5,4.545454545
330,id_7,10,Camps,2.2345354343625e-313,139,452275,45,Bethlehem,Bethlehem_A,7,1,_A,Camps,????????? ???????????,West Bank,452275007,139,20859,0.00666379,10,7.194244604
331,id_70,5,Camps,4.97128862776182e-314,133,100620,10,Tulkarem,Tulkarem_A,2,1,_A,Camps,???????? ????? ?????,West Bank,100620002,133,20859,0.006376145,5,3.759398496
332,id_72,15,Camps,4.97128872657495e-314,128,100620,10,Tulkarem,Tulkarem_A,4,1,_A,Camps,???????? ????? ?????,West Bank,100620004,128,20859,0.00613644,15,11.71875
333,id_73,5,Camps,4.97128877598151e-314,135,100620,10,Tulkarem,Tulkarem_A,5,1,_A,Camps,???????? ????? ?????,West Bank,100620005,135,20859,0.006472026,5,3.703703704
334,id_76,5,Camps,4.97128892420121e-314,120,100620,10,Tulkarem,Tulkarem_A,8,1,_A,Camps,???????? ????? ?????,West Bank,100620008,120,20859,0.005752912,5,4.166666667
335,id_77,5,Camps,4.97128897360777e-314,114,100620,10,Tulkarem,Tulkarem_A,9,1,_A,Camps,???????? ????? ?????,West Bank,100620009,114,20859,0.005465267,5,4.385964912
336,id_82,10,Camps,4.97202967682401e-314,146,100635,10,Tulkarem,Tulkarem_A,1,1,_A,Camps,???????? ?????????,West Bank,100635001,146,20859,0.006999377,10,6.849315068
337,id_83,5,Camps,4.97202972623058e-314,140,100635,10,Tulkarem,Tulkarem_A,2,1,_A,Camps,???????? ?????????,West Bank,100635002,140,20859,0.006711731,5,3.571428571
338,id_86,5,Camps,4.97202987445027e-314,148,100635,10,Tulkarem,Tulkarem_A,5,1,_A,Camps,???????? ?????????,West Bank,100635005,148,20859,0.007095259,5,3.378378378
339,id_87,5,Camps,4.97202992385684e-314,99,100635,10,Tulkarem,Tulkarem_A,6,1,_A,Camps,???????? ?????????,West Bank,100635006,99,20859,0.004746153,5,5.050505051
340,id_88,5,Camps,4.9720299732634e-314,134,100635,10,Tulkarem,Tulkarem_A,7,1,_A,Camps,???????? ?????????,West Bank,100635007,134,20859,0.006424086,5,3.731343284
341,id_9,5,Camps,2.23453544424381e-313,128,452275,45,Bethlehem,Bethlehem_A,9,1,_A,Camps,????????? ???????????,West Bank,452275009,128,20859,0.00613644,5,3.90625
342,id_91,5,Camps,4.9720301214831e-314,114,100635,10,Tulkarem,Tulkarem_A,10,1,_A,Camps,???????? ?????????,West Bank,100635010,114,20859,0.005465267,5,4.385964912
343,id_94,5,Camps,4.97203026970279e-314,109,100635,10,Tulkarem,Tulkarem_A,13,1,_A,Camps,???????? ?????????,West Bank,100635013,109,20859,0.005225562,5,4.587155963
344,id_95,5,Camps,4.97203031910935e-314,114,100635,10,Tulkarem,Tulkarem_A,14,1,_A,Camps,???????? ?????????,West Bank,100635014,114,20859,0.005465267,5,4.385964912
192,id_4843,8,H2,2.48406327911093e-313,78,502780,50,Hebron,Hebron_H2,5,5,_H2,H2,???????,West Bank,2.48406327911093e-313,78,7712,0.010114108,8,10.25641026
193,id_4845,8,H2,2.48406328899225e-313,100,502780,50,Hebron,Hebron_H2,7,5,_H2,H2,???????,West Bank,2.48406328899225e-313,100,7712,0.012966805,8,8
194,id_4846,8,H2,2.4840632939329e-313,103,502780,50,Hebron,Hebron_H2,8,5,_H2,H2,???????,West Bank,2.4840632939329e-313,103,7712,0.013355809,8,7.766990291
195,id_4851,8,H2,2.48406331369553e-313,108,502780,50,Hebron,Hebron_H2,12,5,_H2,H2,???????,West Bank,2.48406331369553e-313,108,7712,0.014004149,8,7.407407407
196,id_4857,16,H2,2.4840633285175e-313,36,502780,50,Hebron,Hebron_H2,15,5,_H2,H2,???????,West Bank,2.4840633285175e-313,36,7712,0.00466805,16,44.44444444
197,id_4869,8,H2,2.48406336310209e-313,89,502780,50,Hebron,Hebron_H2,22,5,_H2,H2,???????,West Bank,2.48406336310209e-313,89,7712,0.011540456,8,8.988764045
199,id_4877,8,H2,2.48406339768669e-313,122,502780,50,Hebron,Hebron_H2,29,5,_H2,H2,???????,West Bank,2.48406339768669e-313,122,7712,0.015819502,8,6.557377049
200,id_4879,8,H2,2.48406340262735e-313,95,502780,50,Hebron,Hebron_H2,30,5,_H2,H2,???????,West Bank,2.48406340262735e-313,95,7712,0.012318465,8,8.421052632
201,id_4898,8,H2,2.48406347179654e-313,31,502780,50,Hebron,Hebron_H2,44,5,_H2,H2,???????,West Bank,2.48406347179654e-313,31,7712,0.00401971,8,25.80645161
202,id_4900,8,H2,2.48406348167785e-313,146,502780,50,Hebron,Hebron_H2,46,5,_H2,H2,???????,West Bank,2.48406348167785e-313,146,7712,0.018931535,8,5.479452055
203,id_4902,16,H2,2.48406348661851e-313,117,502780,50,Hebron,Hebron_H2,47,5,_H2,H2,???????,West Bank,2.48406348661851e-313,117,7712,0.015171162,16,13.67521368
205,id_4926,24,H2,2.48406357555032e-313,134,502780,50,Hebron,Hebron_H2,65,5,_H2,H2,???????,West Bank,2.48406357555032e-313,134,7712,0.017375519,24,17.91044776
206,id_4931,8,H2,2.48406359037229e-313,123,502780,50,Hebron,Hebron_H2,68,5,_H2,H2,???????,West Bank,2.48406359037229e-313,123,7712,0.01594917,8,6.504065041
207,id_4934,8,H2,2.48406360519426e-313,134,502780,50,Hebron,Hebron_H2,71,5,_H2,H2,???????,West Bank,2.48406360519426e-313,134,7712,0.017375519,8,5.970149254
209,id_4942,16,H2,2.48406362989754e-313,94,502780,50,Hebron,Hebron_H2,76,5,_H2,H2,???????,West Bank,2.48406362989754e-313,94,7712,0.012188797,16,17.0212766
210,id_4947,8,H2,2.48406365460083e-313,144,502780,50,Hebron,Hebron_H2,81,5,_H2,H2,???????,West Bank,2.48406365460083e-313,144,7712,0.018672199,8,5.555555556
211,id_4953,8,H2,2.48406367436345e-313,152,502780,50,Hebron,Hebron_H2,85,5,_H2,H2,???????,West Bank,2.48406367436345e-313,152,7712,0.019709544,8,5.263157895
218,id_5186,8,H2,2.4840646328508e-313,49,502780,50,Hebron,Hebron_H2,279,5,_H2,H2,???????,West Bank,2.4840646328508e-313,49,7712,0.006353734,8,16.32653061
219,id_5188,16,H2,2.48406463779146e-313,59,502780,50,Hebron,Hebron_H2,280,5,_H2,H2,???????,West Bank,2.48406463779146e-313,59,7712,0.007650415,16,27.11864407
220,id_5195,8,H2,2.48406465755409e-313,135,502780,50,Hebron,Hebron_H2,284,5,_H2,H2,???????,West Bank,2.48406465755409e-313,135,7712,0.017505187,8,5.925925926
221,id_5200,8,H2,2.48406467237606e-313,144,502780,50,Hebron,Hebron_H2,287,5,_H2,H2,???????,West Bank,2.48406467237606e-313,144,7712,0.018672199,8,5.555555556
181,id_4452,8,Hebron_C,2.48243292166872e-313,20,502450,50,Hebron,Hebron_C,17,3,_C,Hebron_C,???????,West Bank,2.48243292166872e-313,20,12089,0.001654397,8,40
182,id_4497,8,Hebron_C,2.48287757086867e-313,126,502540,50,Hebron,Hebron_C,15,3,_C,Hebron_C,???? ?????,West Bank,2.48287757086867e-313,126,12089,0.010422698,8,6.349206349
183,id_4505,8,Hebron_C,2.48287759557195e-313,152,502540,50,Hebron,Hebron_C,20,3,_C,Hebron_C,???? ?????,West Bank,2.48287759557195e-313,152,12089,0.012573414,8,5.263157895
184,id_4595,8,Hebron_C,2.4832728727919e-313,73,502620,50,Hebron,Hebron_C,25,3,_C,Hebron_C,???????,West Bank,2.4832728727919e-313,73,12089,0.006038547,8,10.95890411
185,id_4724,8,Hebron_C,2.48337168592107e-313,116,502640,50,Hebron,Hebron_C,25,3,_C,Hebron_C,???????????,West Bank,2.48337168592107e-313,116,12089,0.0095955,8,6.896551724
189,id_4793,8,Hebron_C,2.48359405498695e-313,63,502685,50,Hebron,Hebron_C,33,3,_C,Hebron_C,??????,West Bank,2.48359405498695e-313,63,12089,0.005211349,8,12.6984127
190,id_4798,8,Hebron_C,2.48359406980892e-313,144,502685,50,Hebron,Hebron_C,36,3,_C,Hebron_C,??????,West Bank,2.48359406980892e-313,144,12089,0.011911655,8,5.555555556
191,id_4837,8,Hebron_C,2.48405337793658e-313,140,502778,50,Hebron,Hebron_C,1,3,_C,Hebron_C,??????? (??????),West Bank,2.48405337793658e-313,140,12089,0.011580776,8,5.714285714
198,id_4870,8,Hebron_C,2.48406336794394e-313,119,502780,50,Hebron,Hebron_C,23,3,_C,Hebron_C,???????,West Bank,2.48406336794394e-313,119,12089,0.00984366,8,6.722689076
204,id_4909,8,Hebron_C,2.48406350628232e-313,80,502780,50,Hebron,Hebron_C,51,3,_C,Hebron_C,???????,West Bank,2.48406350628232e-313,80,12089,0.006617586,8,10
208,id_4937,16,Hebron_C,2.48406361497676e-313,129,502780,50,Hebron,Hebron_C,73,3,_C,Hebron_C,???????,West Bank,2.48406361497676e-313,129,12089,0.010670858,16,12.40310078
212,id_4957,8,Hebron_C,2.48406368414595e-313,19,502780,50,Hebron,Hebron_C,87,3,_C,Hebron_C,???????,West Bank,2.48406368414595e-313,19,12089,0.001571677,8,42.10526316
213,id_4960,8,Hebron_C,2.48406368908661e-313,133,502780,50,Hebron,Hebron_C,88,3,_C,Hebron_C,???????,West Bank,2.48406368908661e-313,133,12089,0.011001737,8,6.015037594
214,id_4963,8,Hebron_C,2.48406369896792e-313,137,502780,50,Hebron,Hebron_C,90,3,_C,Hebron_C,???????,West Bank,2.48406369896792e-313,137,12089,0.011332616,8,5.839416058
215,id_5092,8,Hebron_C,2.48406423749947e-313,54,502780,50,Hebron,Hebron_C,199,3,_C,Hebron_C,???????,West Bank,2.48406423749947e-313,54,12089,0.004466871,8,14.81481481
217,id_5155,8,Hebron_C,2.48406453393886e-313,100,502780,50,Hebron,Hebron_C,259,3,_C,Hebron_C,???????,West Bank,2.48406453393886e-313,100,12089,0.008271983,8,8
222,id_5208,8,Hebron_C,2.48406469698052e-313,18,502780,50,Hebron,Hebron_C,292,3,_C,Hebron_C,???????,West Bank,2.48406469698052e-313,18,12089,0.001488957,8,44.44444444
223,id_5229,8,Hebron_C,2.48407314056241e-313,126,502782,50,Hebron,Hebron_C,1,3,_C,Hebron_C,???????  ?????,West Bank,2.48407314056241e-313,126,12089,0.010422698,8,6.349206349
224,id_5389,8,Hebron_C,2.48435995555114e-313,10,502840,50,Hebron,Hebron_C,53,3,_C,Hebron_C,??????,West Bank,2.48435995555114e-313,10,12089,0.000827198,8,80
225,id_5415,8,Hebron_C,2.48455732489534e-313,36,502880,50,Hebron,Hebron_C,1,3,_C,Hebron_C,???????,West Bank,2.48455732489534e-313,36,12089,0.002977914,8,22.22222222
226,id_5489,8,Hebron_C,2.48517490695264e-313,104,503005,50,Hebron,Hebron_C,1,3,_C,Hebron_C,?????????,West Bank,2.48517490695264e-313,104,12089,0.008602862,8,7.692307692
228,id_5612,8,Hebron_C,2.48574344311328e-313,55,503120,50,Hebron,Hebron_C,74,3,_C,Hebron_C,??????,West Bank,2.48574344311328e-313,55,12089,0.004549591,8,14.54545455
229,id_5632,8,Hebron_C,2.48577273132476e-313,109,503126,50,Hebron,Hebron_C,2,3,_C,Hebron_C,????? ????? (????????),West Bank,2.48577273132476e-313,109,12089,0.009016461,8,7.339449541
230,id_5652,8,Hebron_C,2.48599012514959e-313,26,503170,50,Hebron,Hebron_C,3,3,_C,Hebron_C,??????? ???????,West Bank,2.48599012514959e-313,26,12089,0.002150716,8,30.76923077
19,id_140,8,Jenin_C,4.98265254719659e-315,96,10085,1,Jenin,Jenin_C,1,3,_C,Jenin_C,????? ?????????,West Bank,4.98265254719659e-315,96,4122,0.023289665,8,8.333333333
27,id_154,8,Jenin_C,4.99253386011341e-315,42,10105,1,Jenin,Jenin_C,1,3,_C,Jenin_C,??????? ?????? ???? ???????,West Bank,4.99253386011341e-315,42,4122,0.010189229,8,19.04761905
28,id_156,8,Jenin_C,4.99747451657182e-315,47,10115,1,Jenin,Jenin_C,1,3,_C,Jenin_C,????? ????????,West Bank,4.99747451657182e-315,47,4122,0.011402232,8,17.0212766
31,id_163,16,Jenin_C,4.99994632699797e-315,58,10120,1,Jenin,Jenin_C,4,3,_C,Jenin_C,????????? ????????????,West Bank,4.99994632699797e-315,58,4122,0.014070839,16,27.5862069
36,id_171,16,Jenin_C,4.99994830326055e-315,55,10120,1,Jenin,Jenin_C,8,3,_C,Jenin_C,????????? ????????????,West Bank,4.99994830326055e-315,55,4122,0.013343037,16,29.09090909
42,id_187,8,Jenin_C,5.01229698001271e-315,20,10145,1,Jenin,Jenin_C,2,3,_C,Jenin_C,???? ????????????,West Bank,5.01229698001271e-315,20,4122,0.004852014,8,40
43,id_194,8,Jenin_C,5.02217829292953e-315,21,10165,1,Jenin,Jenin_C,2,3,_C,Jenin_C,??????? ??????? ?????,West Bank,5.02217829292953e-315,21,4122,0.005094614,8,38.0952381
102,id_30,8,Jenin_C,4.95053976241384e-315,45,10020,1,Jenin,Jenin_C,4,3,_C,Jenin_C,?????????,West Bank,4.95053976241384e-315,45,4122,0.010917031,8,17.77777778
107,id_32,8,Jenin_C,4.95300860844611e-315,40,10025,1,Jenin,Jenin_C,1,3,_C,Jenin_C,???????????,West Bank,4.95300860844611e-315,40,4122,0.009704027,8,20
108,id_323,8,Jenin_C,5.03452993407556e-315,44,10190,1,Jenin,Jenin_C,2,3,_C,Jenin_C,????????,West Bank,5.03452993407556e-315,44,4122,0.01067443,8,18.18181818
141,id_368,8,Jenin_C,5.06170354459683e-315,41,10245,1,Jenin,Jenin_C,2,3,_C,Jenin_C,???????,West Bank,5.06170354459683e-315,41,4122,0.009946628,8,19.51219512
143,id_37,8,Jenin_C,4.95547943074096e-315,57,10030,1,Jenin,Jenin_C,2,3,_C,Jenin_C,?????????,West Bank,4.95547943074096e-315,57,4122,0.013828239,8,14.03508772
150,id_380,8,Jenin_C,5.07158831597318e-315,50,10265,1,Jenin,Jenin_C,9,3,_C,Jenin_C,????????,West Bank,5.07158831597318e-315,50,4122,0.012130034,8,16
153,id_383,16,Jenin_C,5.07158930410447e-315,87,10265,1,Jenin,Jenin_C,11,3,_C,Jenin_C,????????,West Bank,5.07158930410447e-315,87,4122,0.021106259,16,18.3908046
168,id_41,8,Jenin_C,4.95548041887226e-315,39,10030,1,Jenin,Jenin_C,4,3,_C,Jenin_C,?????????,West Bank,4.95548041887226e-315,39,4122,0.009461426,8,20.51282051
177,id_433,8,Jenin_C,5.09875797396928e-315,143,10320,1,Jenin,Jenin_C,1,3,_C,Jenin_C,???? ????????,West Bank,5.09875797396928e-315,143,4122,0.034691897,8,5.594405594
187,id_476,8,Jenin_C,5.10865707324935e-315,8,10340,1,Jenin,Jenin_C,37,3,_C,Jenin_C,?????????,West Bank,5.10865707324935e-315,8,4122,0.001940805,8,100
188,id_477,8,Jenin_C,5.12099092803214e-315,52,10365,1,Jenin,Jenin_C,1,3,_C,Jenin_C,???????????,West Bank,5.12099092803214e-315,52,4122,0.012615235,8,15.38461538
233,id_59,8,Jenin_C,4.95795568775792e-315,21,10035,1,Jenin,Jenin_C,14,3,_C,Jenin_C,?????? ????????????,West Bank,4.95795568775792e-315,21,4122,0.005094614,8,38.0952381
234,id_652,8,Jenin_C,5.23957112962485e-315,70,10605,1,Jenin,Jenin_C,10,3,_C,Jenin_C,??????,West Bank,5.23957112962485e-315,70,4122,0.016982048,8,11.42857143
235,id_674,8,Jenin_C,5.24944898408215e-315,66,10625,1,Jenin,Jenin_C,3,3,_C,Jenin_C,????? ???????,West Bank,5.24944898408215e-315,66,4122,0.016011645,8,12.12121212
236,id_680,16,Jenin_C,5.24945046627909e-315,38,10625,1,Jenin,Jenin_C,6,3,_C,Jenin_C,????? ???????,West Bank,5.24945046627909e-315,38,4122,0.009218826,16,42.10526316
113,id_3329,8,Jericho_C,1.73471389420208e-313,27,351110,35,Jericho,Jericho_C,1,3,_C,Jericho_C,???????????,West Bank,1.73471389420208e-313,27,1120,0.024107143,8,29.62962963
114,id_3334,16,Jericho_C,1.73486211389583e-313,64,351140,35,Jericho,Jericho_C,1,3,_C,Jericho_C,???????????,West Bank,1.73486211389583e-313,64,1120,0.057142857,16,25
115,id_3335,48,Jericho_C,1.73486211883649e-313,119,351140,35,Jericho,Jericho_C,2,3,_C,Jericho_C,???????????,West Bank,1.73486211883649e-313,119,1120,0.10625,48,40.33613445
116,id_3336,24,Jericho_C,1.73486212377714e-313,101,351140,35,Jericho,Jericho_C,3,3,_C,Jericho_C,???????????,West Bank,1.73486212377714e-313,101,1120,0.090178571,24,23.76237624
117,id_3337,32,Jericho_C,1.7348621287178e-313,119,351140,35,Jericho,Jericho_C,4,3,_C,Jericho_C,???????????,West Bank,1.7348621287178e-313,119,1120,0.10625,32,26.8907563
118,id_3338,24,Jericho_C,1.73486213365846e-313,138,351140,35,Jericho,Jericho_C,5,3,_C,Jericho_C,???????????,West Bank,1.73486213365846e-313,138,1120,0.123214286,24,17.39130435
119,id_3340,8,Jericho_C,1.73669015678544e-313,38,351510,35,Jericho,Jericho_C,1,3,_C,Jericho_C,????????,West Bank,1.73669015678544e-313,38,1120,0.033928571,8,21.05263158
120,id_3342,24,Jericho_C,1.7366901617261e-313,109,351510,35,Jericho,Jericho_C,2,3,_C,Jericho_C,????????,West Bank,1.7366901617261e-313,109,1120,0.097321429,24,22.01834862
121,id_3344,8,Jericho_C,1.73757947494796e-313,8,351690,35,Jericho,Jericho_C,1,3,_C,Jericho_C,???????,West Bank,1.73757947494796e-313,8,1120,0.007142857,8,100
122,id_3348,8,Jericho_C,1.73757948482927e-313,10,351690,35,Jericho,Jericho_C,3,3,_C,Jericho_C,???????,West Bank,1.73757948482927e-313,10,1120,0.008928571,8,80
123,id_3350,8,Jericho_C,1.73757948976993e-313,27,351690,35,Jericho,Jericho_C,4,3,_C,Jericho_C,???????,West Bank,1.73757948976993e-313,27,1120,0.024107143,8,29.62962963
124,id_3352,8,Jericho_C,1.73757949471058e-313,77,351690,35,Jericho,Jericho_C,5,3,_C,Jericho_C,???????,West Bank,1.73757949471058e-313,77,1120,0.06875,8,10.38961039
125,id_3359,8,Jericho_C,1.73832058329803e-313,29,351840,35,Jericho,Jericho_C,3,3,_C,Jericho_C,?????????????,West Bank,1.73832058329803e-313,29,1120,0.025892857,8,27.5862069
126,id_3400,8,Jericho_C,1.73871595439046e-313,23,351920,35,Jericho,Jericho_C,27,3,_C,Jericho_C,?????,West Bank,1.73871595439046e-313,23,1120,0.020535714,8,34.7826087
127,id_3445,8,Jericho_C,1.73948162768444e-313,70,352075,35,Jericho,Jericho_C,1,3,_C,Jericho_C,?????? ????,West Bank,1.73948162768444e-313,70,1120,0.0625,8,11.42857143
128,id_3465,8,Jerusalem(j2)_C,1.9856498406655e-313,121,401900,40,Jerusalem(j2),Jerusalem(j2)_C,2,3,_C,Jerusalem(j2)_C,????????? ???????????,West Bank,1.9856498406655e-313,121,7583,0.015956745,8,6.611570248
129,id_3467,16,Jerusalem(j2)_C,1.98564985054682e-313,130,401900,40,Jerusalem(j2),Jerusalem(j2)_C,4,3,_C,Jerusalem(j2)_C,????????? ???????????,West Bank,1.98564985054682e-313,130,7583,0.017143611,16,12.30769231
130,id_3468,8,Jerusalem(j2)_C,1.98564985548747e-313,122,401900,40,Jerusalem(j2),Jerusalem(j2)_C,5,3,_C,Jerusalem(j2)_C,????????? ???????????,West Bank,1.98564985548747e-313,122,7583,0.016088619,8,6.557377049
131,id_3471,8,Jerusalem(j2)_C,1.98564987030944e-313,107,401900,40,Jerusalem(j2),Jerusalem(j2)_C,8,3,_C,Jerusalem(j2)_C,????????? ???????????,West Bank,1.98564987030944e-313,107,7583,0.01411051,8,7.476635514
132,id_3479,8,Jerusalem(j2)_C,1.98572394557172e-313,76,401915,40,Jerusalem(j2),Jerusalem(j2)_C,1,3,_C,Jerusalem(j2)_C,???????????,West Bank,1.98572394557172e-313,76,7583,0.010022419,8,10.52631579
133,id_3501,8,Jerusalem(j2)_C,1.98584747680515e-313,64,401940,40,Jerusalem(j2),Jerusalem(j2)_C,4,3,_C,Jerusalem(j2)_C,???????????,West Bank,1.98584747680515e-313,64,7583,0.008439931,8,12.5
134,id_3578,8,Jerusalem(j2)_C,1.98587243700158e-313,39,401945,40,Jerusalem(j2),Jerusalem(j2)_C,56,3,_C,Jerusalem(j2)_C,?????? ????????? ???????,West Bank,1.98587243700158e-313,39,7583,0.005143083,8,20.51282051
136,id_3599,8,Jerusalem(j2)_C,1.98592157677072e-313,37,401955,40,Jerusalem(j2),Jerusalem(j2)_C,2,3,_C,Jerusalem(j2)_C,???????,West Bank,1.98592157677072e-313,37,7583,0.004879335,8,21.62162162
137,id_3601,16,Jerusalem(j2)_C,1.98592158171137e-313,34,401955,40,Jerusalem(j2),Jerusalem(j2)_C,3,3,_C,Jerusalem(j2)_C,???????,West Bank,1.98592158171137e-313,34,7583,0.004483714,16,47.05882353
138,id_3615,16,Jerusalem(j2)_C,1.98594628499366e-313,44,401960,40,Jerusalem(j2),Jerusalem(j2)_C,3,3,_C,Jerusalem(j2)_C,???? ???????,West Bank,1.98594628499366e-313,44,7583,0.005802453,16,36.36363636
139,id_3649,8,Jerusalem(j2)_C,1.98606979152381e-313,72,401985,40,Jerusalem(j2),Jerusalem(j2)_C,1,3,_C,Jerusalem(j2)_C,??????? ???? ????????,West Bank,1.98606979152381e-313,72,7583,0.009494923,8,11.11111111
140,id_3671,8,Jerusalem(j2)_C,1.98614390137069e-313,48,402000,40,Jerusalem(j2),Jerusalem(j2)_C,1,3,_C,Jerusalem(j2)_C,??????? ????????,West Bank,1.98614390137069e-313,48,7583,0.006329949,8,16.66666667
142,id_3699,8,Jerusalem(j2)_C,1.98621802109888e-313,104,402015,40,Jerusalem(j2),Jerusalem(j2)_C,3,3,_C,Jerusalem(j2)_C,????????,West Bank,1.98621802109888e-313,104,7583,0.013714889,8,7.692307692
144,id_3746,8,Jerusalem(j2)_C,1.9863415869169e-313,65,402040,40,Jerusalem(j2),Jerusalem(j2)_C,13,3,_C,Jerusalem(j2)_C,???????,West Bank,1.9863415869169e-313,65,7583,0.008571805,8,12.30769231
145,id_3751,8,Jerusalem(j2)_C,1.98634161162018e-313,99,402040,40,Jerusalem(j2),Jerusalem(j2)_C,18,3,_C,Jerusalem(j2)_C,???????,West Bank,1.98634161162018e-313,99,7583,0.013055519,8,8.080808081
147,id_3767,8,Jerusalem(j2)_C,1.9863416659674e-313,52,402040,40,Jerusalem(j2),Jerusalem(j2)_C,29,3,_C,Jerusalem(j2)_C,???????,West Bank,1.9863416659674e-313,52,7583,0.006857444,8,15.38461538
148,id_3771,24,Jerusalem(j2)_C,1.98634168078937e-313,99,402040,40,Jerusalem(j2),Jerusalem(j2)_C,32,3,_C,Jerusalem(j2)_C,???????,West Bank,1.98634168078937e-313,99,7583,0.013055519,24,24.24242424
151,id_3801,8,Jerusalem(j2)_C,1.98663801148244e-313,38,402100,40,Jerusalem(j2),Jerusalem(j2)_C,10,3,_C,Jerusalem(j2)_C,??????????????,West Bank,1.98663801148244e-313,38,7583,0.005011209,8,21.05263158
152,id_3804,8,Jerusalem(j2)_C,1.98663802136375e-313,66,402100,40,Jerusalem(j2),Jerusalem(j2)_C,12,3,_C,Jerusalem(j2)_C,??????????????,West Bank,1.98663802136375e-313,66,7583,0.008703679,8,12.12121212
154,id_3884,8,Jerusalem(j2)_C,1.9867614933093e-313,105,402125,40,Jerusalem(j2),Jerusalem(j2)_C,3,3,_C,Jerusalem(j2)_C,??? ?????????? (??????),West Bank,1.9867614933093e-313,105,7583,0.013846762,8,7.619047619
155,id_3902,8,Jerusalem(j2)_C,1.98686035090438e-313,61,402145,40,Jerusalem(j2),Jerusalem(j2)_C,12,3,_C,Jerusalem(j2)_C,??????????? ????????????,West Bank,1.98686035090438e-313,61,7583,0.00804431,8,13.1147541
13,id_1242,8,Nablus_C,7.44458144945749e-314,34,150680,15,Nablus,Nablus_C,6,3,_C,Nablus_C,???????,West Bank,7.44458144945749e-314,34,2403,0.01414898,8,23.52941176
14,id_1266,8,Nablus_C,7.44878100744714e-314,17,150765,15,Nablus,Nablus_C,6,3,_C,Nablus_C,??????????,West Bank,7.44878100744714e-314,17,2403,0.00707449,8,47.05882353
15,id_1298,16,Nablus_C,7.45100430285342e-314,49,150810,15,Nablus,Nablus_C,6,3,_C,Nablus_C,???? ??????,West Bank,7.45100430285342e-314,49,2403,0.020391178,16,32.65306122
18,id_1328,8,Nablus_C,7.4522393681549e-314,30,150835,15,Nablus,Nablus_C,4,3,_C,Nablus_C,???????,West Bank,7.4522393681549e-314,30,2403,0.012484395,8,26.66666667
22,id_1446,8,Nablus_C,7.45644263163689e-314,97,150920,15,Nablus,Nablus_C,79,3,_C,Nablus_C,???????,West Bank,7.45644263163689e-314,97,2403,0.040366209,8,8.24742268
23,id_1448,16,Nablus_C,7.45644268104346e-314,40,150920,15,Nablus,Nablus_C,80,3,_C,Nablus_C,???????,West Bank,7.45644268104346e-314,40,2403,0.016645859,16,40
24,id_1452,24,Nablus_C,7.45644282926315e-314,45,150920,15,Nablus,Nablus_C,83,3,_C,Nablus_C,???????,West Bank,7.45644282926315e-314,45,2403,0.018726592,24,53.33333333
25,id_1454,16,Nablus_C,7.45644287866971e-314,153,150920,15,Nablus,Nablus_C,84,3,_C,Nablus_C,???????,West Bank,7.45644287866971e-314,153,2403,0.063670412,16,10.45751634
32,id_1651,32,Nablus_C,7.4564518212579e-314,96,150920,15,Nablus,Nablus_C,265,3,_C,Nablus_C,???????,West Bank,7.4564518212579e-314,96,2403,0.039950062,32,33.33333333
33,id_1655,8,Nablus_C,7.45645192007103e-314,72,150920,15,Nablus,Nablus_C,267,3,_C,Nablus_C,???????,West Bank,7.45645192007103e-314,72,2403,0.029962547,8,11.11111111
34,id_1657,8,Nablus_C,7.4564519694776e-314,127,150920,15,Nablus,Nablus_C,268,3,_C,Nablus_C,???????,West Bank,7.4564519694776e-314,127,2403,0.052850603,8,6.299212598
35,id_1702,8,Nablus_C,7.45816835353125e-314,58,150955,15,Nablus,Nablus_C,8,3,_C,Nablus_C,?????,West Bank,7.45816835353125e-314,58,2403,0.024136496,8,13.79310345
37,id_1764,8,Nablus_C,7.46088561577025e-314,20,151010,15,Nablus,Nablus_C,6,3,_C,Nablus_C,???????,West Bank,7.46088561577025e-314,20,2403,0.00832293,8,40
38,id_1774,8,Nablus_C,7.46162656601932e-314,30,151025,15,Nablus,Nablus_C,3,3,_C,Nablus_C,????? ???????,West Bank,7.46162656601932e-314,30,2403,0.012484395,8,26.66666667
39,id_1776,8,Nablus_C,7.46187350002911e-314,138,151030,15,Nablus,Nablus_C,1,3,_C,Nablus_C,?????? ???? ?????,West Bank,7.46187350002911e-314,138,2403,0.057428215,8,5.797101449
40,id_1840,8,Nablus_C,7.46953161635278e-314,42,151185,15,Nablus,Nablus_C,3,3,_C,Nablus_C,?????????,West Bank,7.46953161635278e-314,42,2403,0.017478152,8,19.04761905
41,id_1850,8,Nablus_C,7.46953196219873e-314,45,151185,15,Nablus,Nablus_C,10,3,_C,Nablus_C,?????????,West Bank,7.46953196219873e-314,45,2403,0.018726592,8,17.77777778
44,id_1954,8,Nablus_C,7.47842494619761e-314,75,151365,15,Nablus,Nablus_C,6,3,_C,Nablus_C,??????,West Bank,7.47842494619761e-314,75,2403,0.031210986,8,10.66666667
45,id_1956,8,Nablus_C,7.47842499560418e-314,38,151365,15,Nablus,Nablus_C,7,3,_C,Nablus_C,??????,West Bank,7.47842499560418e-314,38,2403,0.015813566,8,21.05263158
48,id_2030,8,Qalqilya_C,9.92923738476686e-314,21,200970,20,Qalqilya,Qalqilya_C,2,3,_C,Qalqilya_C,??????,West Bank,9.92923738476686e-314,21,2593,0.008098727,8,38.0952381
49,id_2036,8,Qalqilya_C,9.92923753298655e-314,67,200970,20,Qalqilya,Qalqilya_C,5,3,_C,Qalqilya_C,??????,West Bank,9.92923753298655e-314,67,2593,0.025838797,8,11.94029851
50,id_2055,8,Qalqilya_C,9.93244876205826e-314,106,201035,20,Qalqilya,Qalqilya_C,1,3,_C,Qalqilya_C,?????????,West Bank,9.93244876205826e-314,106,2593,0.04087929,8,7.547169811
51,id_2056,8,Qalqilya_C,9.93244881146483e-314,99,201035,20,Qalqilya,Qalqilya_C,2,3,_C,Qalqilya_C,?????????,West Bank,9.93244881146483e-314,99,2593,0.038179715,8,8.080808081
53,id_2095,16,Qalqilya_C,9.93269762292407e-314,60,201040,20,Qalqilya,Qalqilya_C,38,3,_C,Qalqilya_C,????????????,West Bank,9.93269762292407e-314,60,2593,0.023139221,16,26.66666667
54,id_2103,8,Qalqilya_C,9.93269791936346e-314,52,201040,20,Qalqilya,Qalqilya_C,44,3,_C,Qalqilya_C,????????????,West Bank,9.93269791936346e-314,52,2593,0.020053992,8,15.38461538
55,id_2111,8,Qalqilya_C,9.93269821580285e-314,21,201040,20,Qalqilya,Qalqilya_C,50,3,_C,Qalqilya_C,????????????,West Bank,9.93269821580285e-314,21,2593,0.008098727,8,38.0952381
56,id_2139,24,Qalqilya_C,9.93269920393414e-314,88,201040,20,Qalqilya,Qalqilya_C,70,3,_C,Qalqilya_C,????????????,West Bank,9.93269920393414e-314,88,2593,0.033937524,24,27.27272727
57,id_2141,32,Qalqilya_C,9.9326992533407e-314,99,201040,20,Qalqilya,Qalqilya_C,71,3,_C,Qalqilya_C,????????????,West Bank,9.9326992533407e-314,99,2593,0.038179715,32,32.32323232
58,id_2159,8,Qalqilya_C,9.93269994503261e-314,15,201040,20,Qalqilya,Qalqilya_C,85,3,_C,Qalqilya_C,????????????,West Bank,9.93269994503261e-314,15,2593,0.005784805,8,53.33333333
60,id_2177,16,Qalqilya_C,9.93491923850716e-314,82,201085,20,Qalqilya,Qalqilya_C,4,3,_C,Qalqilya_C,???????????,West Bank,9.93491923850716e-314,82,2593,0.031623602,16,19.51219512
61,id_2192,8,Qalqilya_C,9.93566058400875e-314,62,201100,20,Qalqilya,Qalqilya_C,9,3,_C,Qalqilya_C,???????,West Bank,9.93566058400875e-314,62,2593,0.023910528,8,12.90322581
62,id_2194,8,Qalqilya_C,9.93566063341531e-314,51,201100,20,Qalqilya,Qalqilya_C,10,3,_C,Qalqilya_C,???????,West Bank,9.93566063341531e-314,51,2593,0.019668338,8,15.68627451
63,id_2201,8,Qalqilya_C,9.93640128722499e-314,17,201115,20,Qalqilya,Qalqilya_C,1,3,_C,Qalqilya_C,???????,West Bank,9.93640128722499e-314,17,2593,0.006556113,8,47.05882353
64,id_2205,8,Qalqilya_C,9.93664832004791e-314,32,201120,20,Qalqilya,Qalqilya_C,1,3,_C,Qalqilya_C,???? ???????,West Bank,9.93664832004791e-314,32,2593,0.012340918,8,25
65,id_2215,8,Qalqilya_C,9.93689564931022e-314,12,201125,20,Qalqilya,Qalqilya_C,7,3,_C,Qalqilya_C,???????,West Bank,9.93689564931022e-314,12,2593,0.004627844,8,66.66666667
66,id_2231,8,Qalqilya_C,9.93911864827712e-314,84,201170,20,Qalqilya,Qalqilya_C,1,3,_C,Qalqilya_C,?????????,West Bank,9.93911864827712e-314,84,2593,0.032394909,8,9.523809524
67,id_2258,8,Qalqilya_C,9.94356528849625e-314,19,201260,20,Qalqilya,Qalqilya_C,2,3,_C,Qalqilya_C,??????????,West Bank,9.94356528849625e-314,19,2593,0.00732742,8,42.10526316
68,id_2266,8,Qalqilya_C,9.94455337038137e-314,24,201280,20,Qalqilya,Qalqilya_C,1,3,_C,Qalqilya_C,??????? ???????,West Bank,9.94455337038137e-314,24,2593,0.009255688,8,33.33333333
69,id_2270,8,Qalqilya_C,9.9445534691945e-314,68,201280,20,Qalqilya,Qalqilya_C,3,3,_C,Qalqilya_C,??????? ???????,West Bank,9.9445534691945e-314,68,2593,0.02622445,8,11.76470588
88,id_2511,16,Ramallah_C,1.48960793224089e-313,27,301500,30,Ramallah,Ramallah_C,2,3,_C,Ramallah_C,???????,West Bank,1.48960793224089e-313,27,5431,0.00497146,16,59.25925926
89,id_2584,8,Ramallah_C,1.48990436668774e-313,75,301560,30,Ramallah,Ramallah_C,1,3,_C,Ramallah_C,???? ??????,West Bank,1.48990436668774e-313,75,5431,0.013809611,8,10.66666667
90,id_2611,8,Ramallah_C,1.49007728966378e-313,19,301595,30,Ramallah,Ramallah_C,1,3,_C,Ramallah_C,???????,West Bank,1.49007728966378e-313,19,5431,0.003498435,8,42.10526316
91,id_2618,8,Ramallah_C,1.49007730942641e-313,51,301595,30,Ramallah,Ramallah_C,5,3,_C,Ramallah_C,???????,West Bank,1.49007730942641e-313,51,5431,0.009390536,8,15.68627451
92,id_2641,8,Ramallah_C,1.49012671105034e-313,34,301605,30,Ramallah,Ramallah_C,4,3,_C,Ramallah_C,???????,West Bank,1.49012671105034e-313,34,5431,0.006260357,8,23.52941176
93,id_2674,16,Ramallah_C,1.4902008110159e-313,97,301620,30,Ramallah,Ramallah_C,2,3,_C,Ramallah_C,??????????,West Bank,1.4902008110159e-313,97,5431,0.017860431,16,16.49484536
94,id_2751,8,Ramallah_C,1.49049726522537e-313,113,301680,30,Ramallah,Ramallah_C,5,3,_C,Ramallah_C,????? ???????,West Bank,1.49049726522537e-313,113,5431,0.020806481,8,7.079646018
95,id_2782,8,Ramallah_C,1.49059611293914e-313,77,301700,30,Ramallah,Ramallah_C,12,3,_C,Ramallah_C,????????? ??????????,West Bank,1.49059611293914e-313,77,5431,0.014177868,8,10.38961039
96,id_2808,8,Ramallah_C,1.49067020302339e-313,29,301715,30,Ramallah,Ramallah_C,8,3,_C,Ramallah_C,????????,West Bank,1.49067020302339e-313,29,5431,0.005339716,8,27.5862069
97,id_2829,16,Ramallah_C,1.49071958982535e-313,42,301725,30,Ramallah,Ramallah_C,4,3,_C,Ramallah_C,???????? ????? ??????,West Bank,1.49071958982535e-313,42,5431,0.007733382,16,38.0952381
98,id_2848,8,Ramallah_C,1.4908183930732e-313,125,301745,30,Ramallah,Ramallah_C,2,3,_C,Ramallah_C,?????????,West Bank,1.4908183930732e-313,125,5431,0.023016019,8,6.4
99,id_2929,16,Ramallah_C,1.49104080166433e-313,75,301790,30,Ramallah,Ramallah_C,18,3,_C,Ramallah_C,????????,West Bank,1.49104080166433e-313,75,5431,0.013809611,16,21.33333333
100,id_2945,8,Ramallah_C,1.49104086589287e-313,27,301790,30,Ramallah,Ramallah_C,31,3,_C,Ramallah_C,????????,West Bank,1.49104086589287e-313,27,5431,0.00497146,8,29.62962963
101,id_2955,8,Ramallah_C,1.49104091035878e-313,71,301790,30,Ramallah,Ramallah_C,40,3,_C,Ramallah_C,????????,West Bank,1.49104091035878e-313,71,5431,0.013073099,8,11.26760563
103,id_3027,16,Ramallah_C,1.49104121173882e-313,100,301790,30,Ramallah,Ramallah_C,101,3,_C,Ramallah_C,????????,West Bank,1.49104121173882e-313,100,5431,0.018412815,16,16
104,id_3035,8,Ramallah_C,1.4910412364421e-313,115,301790,30,Ramallah,Ramallah_C,106,3,_C,Ramallah_C,????????,West Bank,1.4910412364421e-313,115,5431,0.021174738,8,6.956521739
105,id_3056,8,Ramallah_C,1.49111484234202e-313,40,301805,30,Ramallah,Ramallah_C,4,3,_C,Ramallah_C,??????,West Bank,1.49111484234202e-313,40,5431,0.007365126,8,20
109,id_3273,8,Ramallah_C,1.4913371768233e-313,16,301850,30,Ramallah,Ramallah_C,5,3,_C,Ramallah_C,???? ??????,West Bank,1.4913371768233e-313,16,5431,0.00294605,8,50
110,id_3303,8,Ramallah_C,1.49155950636393e-313,29,301895,30,Ramallah,Ramallah_C,5,3,_C,Ramallah_C,???? ??????,West Bank,1.49155950636393e-313,29,5431,0.005339716,8,27.5862069
111,id_3305,8,Ramallah_C,1.49155951130459e-313,72,301895,30,Ramallah,Ramallah_C,6,3,_C,Ramallah_C,???? ??????,West Bank,1.49155951130459e-313,72,5431,0.013257227,8,11.11111111
112,id_3323,8,Ramallah_C,1.49155956071115e-313,35,301895,30,Ramallah,Ramallah_C,16,3,_C,Ramallah_C,???? ??????,West Bank,1.49155956071115e-313,35,5431,0.006444485,8,22.85714286
70,id_2287,8,Salfit_C,1.24146348137975e-313,49,251275,25,Salfit,Salfit_C,6,3,_C,Salfit_C,??????? ???? ???????,West Bank,1.24146348137975e-313,49,1872,0.026175214,8,16.32653061
71,id_2291,8,Salfit_C,1.24146349126106e-313,66,251275,25,Salfit,Salfit_C,8,3,_C,Salfit_C,??????? ???? ???????,West Bank,1.24146349126106e-313,66,1872,0.03525641,8,12.12121212
72,id_2296,16,Salfit_C,1.24156227474629e-313,32,251295,25,Salfit,Salfit_C,2,3,_C,Salfit_C,?????? ??????,West Bank,1.24156227474629e-313,32,1872,0.017094017,16,50
73,id_2319,24,Salfit_C,1.24161171095482e-313,49,251305,25,Salfit,Salfit_C,8,3,_C,Salfit_C,???????,West Bank,1.24161171095482e-313,49,1872,0.026175214,24,48.97959184
74,id_2321,8,Salfit_C,1.24161171589547e-313,21,251305,25,Salfit,Salfit_C,9,3,_C,Salfit_C,???????,West Bank,1.24161171589547e-313,21,1872,0.011217949,8,38.0952381
75,id_2325,16,Salfit_C,1.24161172577679e-313,29,251305,25,Salfit,Salfit_C,11,3,_C,Salfit_C,???????,West Bank,1.24161172577679e-313,29,1872,0.015491453,16,55.17241379
76,id_2333,24,Salfit_C,1.24161174553941e-313,74,251305,25,Salfit,Salfit_C,15,3,_C,Salfit_C,???????,West Bank,1.24161174553941e-313,74,1872,0.039529915,24,32.43243243
77,id_2337,16,Salfit_C,1.24163638459317e-313,19,251310,25,Salfit,Salfit_C,2,3,_C,Salfit_C,??????,West Bank,1.24163638459317e-313,19,1872,0.010149573,16,84.21052632
78,id_2339,8,Salfit_C,1.24163638953383e-313,25,251310,25,Salfit,Salfit_C,3,3,_C,Salfit_C,??????,West Bank,1.24163638953383e-313,25,1872,0.013354701,8,32
79,id_2341,16,Salfit_C,1.24163639447448e-313,46,251310,25,Salfit,Salfit_C,4,3,_C,Salfit_C,??????,West Bank,1.24163639447448e-313,46,1872,0.02457265,16,34.7826087
80,id_2348,8,Salfit_C,1.24166109281612e-313,43,251315,25,Salfit,Salfit_C,3,3,_C,Salfit_C,???????,West Bank,1.24166109281612e-313,43,1872,0.022970085,8,18.60465116
81,id_2354,8,Salfit_C,1.24168579609841e-313,10,251320,25,Salfit,Salfit_C,3,3,_C,Salfit_C,???????,West Bank,1.24168579609841e-313,10,1872,0.00534188,8,80
82,id_2363,8,Salfit_C,1.24178460428692e-313,14,251340,25,Salfit,Salfit_C,2,3,_C,Salfit_C,??????,West Bank,1.24178460428692e-313,14,1872,0.007478632,8,57.14285714
83,id_2382,24,Salfit_C,1.24188344706003e-313,38,251360,25,Salfit,Salfit_C,8,3,_C,Salfit_C,??????????,West Bank,1.24188344706003e-313,38,1872,0.020299145,24,63.15789474
84,id_2384,8,Salfit_C,1.24188345200069e-313,38,251360,25,Salfit,Salfit_C,9,3,_C,Salfit_C,??????????,West Bank,1.24188345200069e-313,38,1872,0.020299145,8,21.05263158
85,id_2424,8,Salfit_C,1.2420810584964e-313,152,251400,25,Salfit,Salfit_C,5,3,_C,Salfit_C,?????????,West Bank,1.2420810584964e-313,152,1872,0.081196581,8,5.263157895
86,id_2426,8,Salfit_C,1.24208106343705e-313,88,251400,25,Salfit,Salfit_C,6,3,_C,Salfit_C,?????????,West Bank,1.24208106343705e-313,88,1872,0.047008547,8,9.090909091
87,id_2438,8,Salfit_C,1.24220457490786e-313,39,251425,25,Salfit,Salfit_C,5,3,_C,Salfit_C,????? ??????,West Bank,1.24220457490786e-313,39,1872,0.020833333,8,20.51282051
237,id_690,32,Tubas_C,2.49107903722033e-314,39,50420,5,Tubas,Tubas_C,1,3,_C,Tubas_C,?????????,West Bank,2.49107903722033e-314,39,335,0.11641791,32,82.05128205
238,id_696,14,Tubas_C,2.49256128356441e-314,22,50450,5,Tubas,Tubas_C,2,3,_C,Tubas_C,????? ?????????,West Bank,2.49256128356441e-314,22,335,0.065671642,14,63.63636364
239,id_697,22,Tubas_C,2.49280826698077e-314,36,50455,5,Tubas,Tubas_C,1,3,_C,Tubas_C,?????????,West Bank,2.49280826698077e-314,36,335,0.107462687,22,61.11111111
240,id_698,11,Tubas_C,2.49354936544953e-314,15,50470,5,Tubas,Tubas_C,1,3,_C,Tubas_C,??????? ??? ????????,West Bank,2.49354936544953e-314,15,335,0.044776119,11,73.33333333
241,id_699,12,Tubas_C,2.49453749674122e-314,20,50490,5,Tubas,Tubas_C,1,3,_C,Tubas_C,???????,West Bank,2.49453749674122e-314,20,335,0.059701493,12,60
242,id_719,24,Tubas_C,2.49755129718085e-314,24,50551,5,Tubas,Tubas_C,1,3,_C,Tubas_C,?????????????,West Bank,2.49755129718085e-314,24,335,0.071641791,24,100
243,id_720,28,Tubas_C,2.4979959562621e-314,40,50560,5,Tubas,Tubas_C,1,3,_C,Tubas_C,?????????,West Bank,2.4979959562621e-314,40,335,0.119402985,28,70
244,id_721,40,Tubas_C,2.49898408755379e-314,60,50580,5,Tubas,Tubas_C,1,3,_C,Tubas_C,???????,West Bank,2.49898408755379e-314,60,335,0.179104478,40,66.66666667
245,id_747,12,Tubas_C,2.50046747024886e-314,12,50610,5,Tubas,Tubas_C,25,3,_C,Tubas_C,???????,West Bank,2.50046747024886e-314,12,335,0.035820896,12,100
246,id_808,9,Tubas_C,2.51336139784777e-314,9,50871,5,Tubas,Tubas_C,1,3,_C,Tubas_C,?????????????,West Bank,2.51336139784777e-314,9,335,0.026865672,9,100
247,id_811,12,Tubas_C,2.51336154606746e-314,12,50871,5,Tubas,Tubas_C,4,3,_C,Tubas_C,?????????????,West Bank,2.51336154606746e-314,12,335,0.035820896,12,100
1,id_1032,8,Tulkarem_C,4.9725251268418e-314,112,100645,10,Tulkarem,Tulkarem_C,29,3,_C,Tulkarem_C,?????????,West Bank,4.9725251268418e-314,112,3500,0.032,8,7.142857143
2,id_1033,16,Tulkarem_C,4.97252517624836e-314,129,100645,10,Tulkarem,Tulkarem_C,30,3,_C,Tulkarem_C,?????????,West Bank,4.97252517624836e-314,129,3500,0.036857143,16,12.40310078
3,id_1034,8,Tulkarem_C,4.97252522565492e-314,141,100645,10,Tulkarem,Tulkarem_C,31,3,_C,Tulkarem_C,?????????,West Bank,4.97252522565492e-314,141,3500,0.040285714,8,5.673758865
4,id_1036,16,Tulkarem_C,4.97252527506149e-314,128,100645,10,Tulkarem,Tulkarem_C,32,3,_C,Tulkarem_C,?????????,West Bank,4.97252527506149e-314,128,3500,0.036571429,16,12.5
5,id_1089,8,Tulkarem_C,4.97252730073064e-314,94,100645,10,Tulkarem,Tulkarem_C,73,3,_C,Tulkarem_C,?????????,West Bank,4.97252730073064e-314,94,3500,0.026857143,8,8.510638298
7,id_1130,8,Tulkarem_C,4.97252868411445e-314,63,100645,10,Tulkarem,Tulkarem_C,101,3,_C,Tulkarem_C,?????????,West Bank,4.97252868411445e-314,63,3500,0.018,8,12.6984127
9,id_1138,8,Tulkarem_C,4.97252898055383e-314,78,100645,10,Tulkarem,Tulkarem_C,107,3,_C,Tulkarem_C,?????????,West Bank,4.97252898055383e-314,78,3500,0.022285714,8,10.25641026
10,id_1176,32,Tulkarem_C,4.97573517015596e-314,135,100710,10,Tulkarem,Tulkarem_C,1,3,_C,Tulkarem_C,?????,West Bank,4.97573517015596e-314,135,3500,0.038571429,32,23.7037037
11,id_1180,8,Tulkarem_C,4.97647626862472e-314,63,100725,10,Tulkarem,Tulkarem_C,1,3,_C,Tulkarem_C,?????? ??????,West Bank,4.97647626862472e-314,63,3500,0.018,8,12.6984127
12,id_1198,8,Tulkarem_C,4.97820549838516e-314,42,100760,10,Tulkarem,Tulkarem_C,1,3,_C,Tulkarem_C,??????,West Bank,4.97820549838516e-314,42,3500,0.012,8,19.04761905
248,id_822,8,Tulkarem_C,4.95498475887658e-314,22,100290,10,Tulkarem,Tulkarem_C,8,3,_C,Tulkarem_C,???????,West Bank,4.95498475887658e-314,22,3500,0.006285714,8,36.36363636
249,id_824,16,Tulkarem_C,4.95498480828314e-314,35,100290,10,Tulkarem,Tulkarem_C,9,3,_C,Tulkarem_C,???????,West Bank,4.95498480828314e-314,35,3500,0.01,16,45.71428571
250,id_834,16,Tulkarem_C,4.95498505531596e-314,53,100290,10,Tulkarem,Tulkarem_C,14,3,_C,Tulkarem_C,???????,West Bank,4.95498505531596e-314,53,3500,0.015142857,16,30.18867925
251,id_838,16,Tulkarem_C,4.95498515412909e-314,62,100290,10,Tulkarem,Tulkarem_C,16,3,_C,Tulkarem_C,???????,West Bank,4.95498515412909e-314,62,3500,0.017714286,16,25.80645161
252,id_839,8,Tulkarem_C,4.95696067561399e-314,118,100330,10,Tulkarem,Tulkarem_C,1,3,_C,Tulkarem_C,??????? ?????,West Bank,4.95696067561399e-314,118,3500,0.033714286,8,6.779661017
253,id_867,8,Tulkarem_C,4.95819583972859e-314,34,100355,10,Tulkarem,Tulkarem_C,1,3,_C,Tulkarem_C,????????? ???????,West Bank,4.95819583972859e-314,34,3500,0.009714286,8,23.52941176
254,id_920,8,Tulkarem_C,4.96437240140008e-314,27,100480,10,Tulkarem,Tulkarem_C,16,3,_C,Tulkarem_C,???????,West Bank,4.96437240140008e-314,27,3500,0.007714286,8,29.62962963
255,id_943,8,Tulkarem_C,4.96758308699957e-314,43,100545,10,Tulkarem,Tulkarem_C,1,3,_C,Tulkarem_C,????????????,West Bank,4.96758308699957e-314,43,3500,0.012285714,8,18.60465116
257,id_971,8,Tulkarem_C,4.97005361285504e-314,93,100595,10,Tulkarem,Tulkarem_C,5,3,_C,Tulkarem_C,????????,West Bank,4.97005361285504e-314,93,3500,0.026571429,8,8.602150538
